Annual Distance (miles/vehicle),2020.0
LDVs,10185.480170161
HDVs,7159.487365672
aircraft,1500848.012782683
rail,333110.225
ships,174.049427729
motorbikes,1731.522657307
