Annual Distance (miles/vehicle),2020.0
LDVs,9157.828356836
HDVs,25402.030753035
aircraft,1348069.058854582
rail,14052.235706312
ships,562399.873300754
motorbikes,0.0
