Annual Distance (miles/vehicle),2020.0
LDVs,9111.716680295
HDVs,25627.877823898
aircraft,1566778.722988167
rail,14177.355969202
ships,559645.971796325
motorbikes,0.0
