Annual Distance (miles/vehicle),2020.0
LDVs,10096.467396619
HDVs,12781.725104689
aircraft,1612005.506729497
rail,333110.225
ships,184.66965648
motorbikes,1990.107170643
