Annual Distance (miles/vehicle),2020.0
LDVs,10147.11468909
HDVs,12669.114727922
aircraft,1386982.296868935
rail,341843.2
ships,185.431447785
motorbikes,2000.556805225
