Annual Distance (miles/vehicle),2020.0
LDVs,8886.389596181
HDVs,26305.912849778
aircraft,1171956.594491739
rail,14034.839901869
ships,560045.158502591
motorbikes,0.0
