Unit: dimensionless (ratio of electricity demand in this hour to annual demand),Hour0,Hour1,Hour2,Hour3,Hour4,Hour5,Hour6,Hour7,Hour8,Hour9,Hour10,Hour11,Hour12,Hour13,Hour14,Hour15,Hour16,Hour17,Hour18,Hour19,Hour20,Hour21,Hour22,Hour23
Winter,0,0,0,0,0,0.0034429016088580585,0.12225591819109666,0.03901507386955656,0,0,0,0,0.0,0.0,0.0,0.0,0.0,0.04964602327747802,0.2694047001019548,0.06676649967423805,0.0,0.0,0,0
Spring,0,0,0,0,0,0.0,0.0,0.0,0,0,0,0,0.0,0.0,0.0,0.0,0.0,0.042254668543599196,0.8548860953076353,0.6579768168092626,0.03468190865616198,0.0,0,0
Summer,0,0,0,0,0,0.0,0.0,0.0,0,0,0,0,0.05014106193863732,0.24300289126070768,0.5255779208966511,0.7350833518315782,0.95,0.95,0.95,0.95,0.7041965838316377,0.17541224215895443,0,0
Fall,0,0,0,0,0,0.0,0.0,0.0,0,0,0,0,0.0,0.0,0.0,0.0,0.0891472870098386,0.5024619623340066,0.5708914568388168,0.15996038468295684,0.0,0.0,0,0
Summer Peak,0,0,0,0,0,0.0,0.0,0.0,0,0,0,0,0.0,0.0,0.95,0.95,0.95,0.95,0.95,0.95,0.95,0.0,0,0
Winter Peak,0,0,0,0,0,0.0,0.0,0.0,0,0,0,0,0.0,0.0,0.0,0.0,0.0,0.0,0.0,0.0,0.0,0.0,0,0
