solar pv,Hour0,Hour1,Hour2,Hour3,Hour4,Hour5,Hour6,Hour7,Hour8,Hour9,Hour10,Hour11,Hour12,Hour13,Hour14,Hour15,Hour16,Hour17,Hour18,Hour19,Hour20,Hour21,Hour22,Hour23
Winter,0,0,0,0,0,0.0,0.003325947646590743,0.22598205499037996,0.46676772673679756,0.5240918156548471,0.5260924252510842,0.5150277726571795,0.5045934624509284,0.5059317816384913,0.491571506776865,0.42695811266994427,0.18010577856619647,0.00441578623273902,0.0,0,0,0,0,0
Spring,0,0,0,0,0,0.013879675300488418,0.23637231046222698,0.5443524951560594,0.6571972054026081,0.685442492254464,0.6871539289900077,0.6805562660033891,0.6679603260114342,0.6592584567419059,0.6345264155142769,0.5895130601860805,0.47789912401118745,0.18556373376455418,0.0009494710253942829,0,0,0,0,0
Summer,0,0,0,0,0,0.02356318038318674,0.28248972197538935,0.5054031032733082,0.5892650171592384,0.623080494134198,0.6235837763882265,0.6136932005110881,0.59893819836258,0.5697865783129396,0.5174591417288182,0.44980097173883377,0.36008308117613946,0.19521617499005536,0.012801738887774198,0,0,0,0,0
Fall,0,0,0,0,0,2.2229310781197645e-05,0.1472364857649274,0.4821870608205765,0.5971365263587415,0.6096177065362628,0.5986254823038198,0.5724113466315753,0.5605886163140745,0.5399186882852007,0.5061966878710364,0.4406064891986816,0.24527719546657958,0.029574704413738145,0.0,0,0,0,0,0
Summer Peak,0,0,0,0,0,4.561427380484285e-05,0.2147893218426768,0.4959308250627436,0.6512308403595772,0.6882737774412737,0.7029781606150893,0.6818960726129237,0.6729390879385183,0.6670175258482169,0.6213451975130769,0.5607735886524098,0.43950596836615297,0.19590086573530777,0.0015177112920520437,0,0,0,0,0
Winter Peak,0,0,0,0,0,0.0,3.7320769476689596e-05,0.2190646233238398,0.5786834112490568,0.6846951303236755,0.6476646334984714,0.6106092561602826,0.5997447654904018,0.5944410694725478,0.5939476059650227,0.5868359260036313,0.22150291359631688,0.0,0.0,0,0,0,0,0
