natural gas combined cycle,Hour0,Hour1,Hour2,Hour3,Hour4,Hour5,Hour6,Hour7,Hour8,Hour9,Hour10,Hour11,Hour12,Hour13,Hour14,Hour15,Hour16,Hour17,Hour18,Hour19,Hour20,Hour21,Hour22,Hour23
Winter,0.349109435,0.334894137,0.333489666,0.339250989,0.368313547,0.433820793,0.478296585,0.436309169,0.33713571,0.316776788,0.31574651,0.317391739,0.31967172,0.314444973,0.318048853,0.343749086,0.473121206,0.574698747,0.586544751,0.582565714,0.554870215,0.511726162,0.46457772,0.395535074
Spring,0.487804046,0.45347536,0.442097298,0.44724362,0.482283222,0.534108534,0.489040933,0.421364274,0.41968876,0.441154795,0.46716443,0.491242626,0.514758094,0.534662332,0.561501625,0.599263989,0.658010027,0.766839286,0.815972237,0.818021422,0.800429977,0.731337342,0.631015319,0.550841539
Summer,0.731392947,0.697599558,0.673938704,0.671454738,0.692241839,0.705961296,0.646716315,0.637032638,0.672952443,0.721056844,0.767353246,0.834457699,0.891748693,0.938260917,0.973794755,0.994657398,1.0,1.0,1.0,1.0,1.0,0.998618295,0.874130222,0.777057433
Fall,0.555837171,0.522139659,0.509291471,0.515377781,0.558291514,0.616943248,0.596571361,0.488711308,0.480641391,0.522011937,0.568828427,0.61377544,0.643990632,0.66086742,0.684225836,0.725791378,0.799587226,0.870669905,0.873487056,0.870587158,0.821808608,0.739574084,0.667700143,0.610498264
Summer Peak,0.759693784,0.752128179,0.752128179,0.735548804,0.752128179,0.788286424,0.700139477,0.692176486,0.719745094,0.788286424,0.810249606,0.984762907,1.0,1.0,1.0,1.0,1.0,1.0,1.0,1.0,1.0,1.0,0.98590539,0.804170374
Winter Peak,0.570049272,0.570049272,0.570049272,0.570049272,0.61455643,0.61455643,0.690441747,0.624128068,0.536886701,0.337995338,0.309926177,0.309926177,0.309926177,0.309926177,0.309926177,0.309926177,0.369121309,0.579135641,0.593067054,0.594163685,0.533539494,0.533539494,0.477687748,0.446359264
