solar pv,Hour0,Hour1,Hour2,Hour3,Hour4,Hour5,Hour6,Hour7,Hour8,Hour9,Hour10,Hour11,Hour12,Hour13,Hour14,Hour15,Hour16,Hour17,Hour18,Hour19,Hour20,Hour21,Hour22,Hour23
Winter,0,0,0,0,0,0.0,0.0029830574867275566,0.20268432718600798,0.418646085193878,0.4700603198082166,0.4718546756033812,0.46193073864901574,0.4525721586330311,0.45377250316526785,0.44089270769363725,0.3829406622875402,0.16153768737325477,0.003960538643734545,0.0,0,0,0,0,0
Spring,0,0,0,0,0,0.012448743551604155,0.21200339431145604,0.48823221488727225,0.5894431458782103,0.6147764714026106,0.6163114667511567,0.6103939929787382,0.5990966374313987,0.5912918915269948,0.5691096118925699,0.5287369299136023,0.4286298857540416,0.16643295207574454,0.0008515848569163671,0,0,0,0,0
Summer,0,0,0,0,0,0.021133923056554444,0.25336630927611326,0.45329832914844376,0.5285144590009857,0.5588437132394933,0.559295109369362,0.5504242071323446,0.5371903789718485,0.5110441591032175,0.46411144456589454,0.403428525899453,0.32296014408027846,0.17509027026668,0.01148193750778098,0,0,0,0,0
Fall,0,0,0,0,0,1.993756937774337e-05,0.1320570699995048,0.4324757556717399,0.5355744512030554,0.5467688781537968,0.5369099025244033,0.5133983256794286,0.5027944653861576,0.484255513451705,0.45401009876334775,0.3951819529246494,0.2199902259466176,0.02652568614830392,0.0,0,0,0,0,0
Summer Peak,0,0,0,0,0,4.091164847848867e-05,0.19264551420366155,0.444802599980441,0.5840918860866119,0.6173158638919155,0.6305042916650718,0.6115956715864685,0.6035621115216018,0.5982510357009397,0.5572873178516602,0.5029603679129981,0.3941948908125505,0.1757043724927965,0.001361242122102441,0,0,0,0,0
Winter Peak,0,0,0,0,0,0.0,3.347316693694527e-05,0.1964800514383272,0.5190237688019611,0.6141061591067394,0.5808933390237482,0.5476582034961324,0.5379137926767105,0.5331568837308935,0.5327142940791716,0.5263357961572982,0.19866696501154096,0.0,0.0,0,0,0,0,0
