hydro,Hour0,Hour1,Hour2,Hour3,Hour4,Hour5,Hour6,Hour7,Hour8,Hour9,Hour10,Hour11,Hour12,Hour13,Hour14,Hour15,Hour16,Hour17,Hour18,Hour19,Hour20,Hour21,Hour22,Hour23
Winter,0.5290127334680953,0.4975975157575284,0.512107579304082,0.53287278242439,0.6397914878523592,0.8406303001145092,0.9738717490275717,0.8449786685170824,0.5334308617915653,0.47583242043769836,0.4613223568911449,0.46857738866442167,0.4543696181084213,0.4737163695038256,0.4829246790622154,0.5592652858303802,0.9800571286804293,1,1,1,1,1.0,0.8815328670670529,0.6618588761627424
Spring,0.4749778614067099,0.4447194957176831,0.4426557647244833,0.43617390540781387,0.5167175474100167,0.6685616418955852,0.631763283622474,0.4302443121315782,0.4101302016063079,0.4155365954758169,0.43826670303472076,0.5080556905653193,0.5538356386539047,0.6377800767998308,0.7430594240867229,0.8870845941050971,1.0,1,1,1,1,1.0,1.0,0.649726463253424
Summer,0.32317018373808687,0.32317018373808687,0.32317018373808687,0.32317018373808687,0.32317018373808687,0.32317018373808687,0.32317018373808687,0.321325955944261,0.32317018373808687,0.32317018373808687,0.32317018373808687,0.3599932653548097,0.44541174933884414,0.5346723745600164,0.6734197789155154,0.7893602328873687,0.8808646685910291,1,1,1,1,0.8171465983143451,0.43084234976761965,0.3433030038206859
Fall,0.29104182079761337,0.29104182079761337,0.29104182079761337,0.29104182079761337,0.30471933971444654,0.32251764958699225,0.3247095596698181,0.29104182079761337,0.29104182079761337,0.29104182079761337,0.3064728677807072,0.3527660087299884,0.39051070035624913,0.43250769754319207,0.46078333761164525,0.5842317134763959,0.8930718441465552,1,1,1,1,0.5749818529268709,0.3947630059169312,0.2944173623251652
Summer Peak,0.3235697664267488,0.3235697664267488,0.3235697664267488,0.3235697664267488,0.3235697664267488,0.3235697664267488,0.3235697664267488,0.3235697664267488,0.3235697664267488,0.3235697664267488,0.3235697664267488,0.3235697664267488,0.3235697664267488,0.3235697664267488,0.3235697664267488,0.4786693238875043,1.0,1,1,1,1,1.0,0.3235697664267488,0.3235697664267488
Winter Peak,0.4358832390707443,1.0,0.4251867178665542,1.0,1.0,1.0,1.0,1.0,0.4251867178665542,0.4251867178665542,0.4251867178665542,0.4251867178665542,0.4251867178665542,0.4251867178665542,0.3289180270288438,0.4251867178665542,0.4251867178665542,1,1,1,1,1.0,1.0,0.4251867178665542
