solar pv dist,Hour0,Hour1,Hour2,Hour3,Hour4,Hour5,Hour6,Hour7,Hour8,Hour9,Hour10,Hour11,Hour12,Hour13,Hour14,Hour15,Hour16,Hour17,Hour18,Hour19,Hour20,Hour21,Hour22,Hour23
Winter,0,0,0,0,0,0.0,0.04790405594219186,0.22835050057865863,0.3567354319059751,0.39008883133153693,0.39188056306491414,0.3836171833870529,0.3884841363102232,0.4777308581697502,0.45617187829729944,0.3484698308894907,0.11959776000213254,0.03149236192714453,0.0,0,0,0,0,0
Spring,0,0,0,0,0,0.00022102319299656357,0.18743877435420137,0.3528118814960272,0.4323957803451516,0.4522873123801866,0.4600025767528029,0.4602385939815052,0.47094489081010016,0.5396725524735717,0.5176468693564115,0.44950564108943314,0.32430988562327434,0.15840754455449946,0.006824507584760729,0,0,0,0,0
Summer,0,0,0,0,0,0.0003799510350582641,0.19583745142704787,0.3167658239035595,0.3744144379044321,0.405783594689142,0.4227245953991276,0.42785833875071866,0.4266292235785751,0.45918814975590916,0.43175122192135446,0.37351594473033756,0.28215504468682223,0.15003015531012406,0.012001637254228351,0,0,0,0,0
Fall,0,0,0,0,0,0.0,0.1532145737730045,0.3415913356723421,0.39841099272751934,0.41826772075617724,0.43035278608119415,0.42457198901464305,0.41463357435342935,0.4728511088794952,0.4531593789705291,0.3578298308224864,0.16825787949776913,0.05196184439420983,0.0,0,0,0,0,0
Summer Peak,0,0,0,0,0,0.00027589025698666534,0.2494456649466101,0.41292596944770854,0.4715066673478771,0.4868032493741379,0.4712205589332244,0.44825014049966794,0.4903693863996321,0.5447708578143362,0.5332141214938948,0.49033873192663363,0.36715884126092063,0.20323915598017678,0.003985081489807388,0,0,0,0,0
Winter Peak,0,0,0,0,0,0.0,0.031114290093496144,0.2394012159607623,0.4641904664588975,0.4864967046441527,0.4638941398865784,0.4695652173913043,0.4651509732795177,0.5943084861799419,0.5373422571910285,0.496571808102999,0.1835896387881265,0.022030347928268534,0.0,0,0,0,0,0
