Unit: dimensionless (ratio of electricity demand in this hour to annual demand),Hour0,Hour1,Hour2,Hour3,Hour4,Hour5,Hour6,Hour7,Hour8,Hour9,Hour10,Hour11,Hour12,Hour13,Hour14,Hour15,Hour16,Hour17,Hour18,Hour19,Hour20,Hour21,Hour22,Hour23
Winter,0,0,0,0,0,0.0,0.047204482365162864,0.22881094705291297,0.361212725012347,0.39410582605289585,0.3948811287658169,0.3871983514705634,0.3916785878506104,0.4825882593368417,0.45955397741787146,0.35464074660672024,0.12226408828488232,0.03109811134385804,0.0,0,0,0,0,0
Spring,0,0,0,0,0,0.00022102319299656357,0.18743877435420137,0.3528118814960272,0.4323957803451516,0.4522873123801866,0.4600025767528029,0.4602385939815052,0.47094489081010016,0.5396725524735717,0.5176468693564115,0.44950564108943314,0.32430988562327434,0.15840754455449946,0.006824507584760729,0,0,0,0,0
Summer,0,0,0,0,0,0.0003742955579891555,0.19875094129224152,0.32199191877008937,0.3796911895046192,0.41018683679158735,0.42536024559119795,0.42896658884577016,0.43009336286232813,0.46383938388951945,0.4372655099416012,0.37986500925187544,0.28677481623976236,0.15292194882480084,0.011565954875727211,0,0,0,0,0
Fall,0,0,0,0,0,0.0,0.1532145737730045,0.3415913356723421,0.39841099272751934,0.41826772075617724,0.43035278608119415,0.42457198901464305,0.41463357435342935,0.4728511088794952,0.4531593789705291,0.3578298308224864,0.16825787949776913,0.05196184439420983,0.0,0,0,0,0,0
Summer Peak,0,0,0,0,0,0.0,0.2321054513871149,0.39789505952076837,0.46293363306595825,0.47345833546211624,0.3786849231083636,0.295917846012364,0.4759617840903285,0.5179584120982986,0.5062075307821999,0.4424462269452818,0.32217851121442803,0.17779594339140653,0.0021969038982271494,0,0,0,0,0
Winter Peak,0,0,0,0,0,0.0,0.023144127113881367,0.14841874010115977,0.39820160425075357,0.4335053389873806,0.4254840852194349,0.45746691871455575,0.4095437592602054,0.5081489807387728,0.32509068614928727,0.35477443416951926,0.12532570377560925,0.0,0.0,0,0,0,0,0
