solar pv,Hour0,Hour1,Hour2,Hour3,Hour4,Hour5,Hour6,Hour7,Hour8,Hour9,Hour10,Hour11,Hour12,Hour13,Hour14,Hour15,Hour16,Hour17,Hour18,Hour19,Hour20,Hour21,Hour22,Hour23
Winter,0,0,0,0,0,0.0,0.003919911195654299,0.26633900514993797,0.5501253273427794,0.6176866246953937,0.6200445126683033,0.6070038817902643,0.5947061628413988,0.5962834854345744,0.5793586843901374,0.5032063230598064,0.21226992509258238,0.005204378339831316,0.0,0,0,0,0,0
Spring,0,0,0,0,0,0.016358373727921094,0.27858480186040346,0.6415655527025063,0.774562607998681,0.8078520725122158,0.8098691457596522,0.8020932407381435,0.7872478578756483,0.7769919674055416,0.74784316062894,0.694791106220979,0.5632446224837849,0.2187025878885084,0.0011190320768300383,0,0,0,0,0
Summer,0,0,0,0,0,0.027771205203411614,0.3329380800577756,0.5956603931725222,0.6944987664907011,0.7343531721715627,0.7349463329641455,0.7232894510069071,0.7058994303993587,0.6715417753950232,0.6098694563144014,0.5301285685427376,0.42438843038160695,0.2300788079754426,0.015087934303917184,0,0,0,0,0
Fall,0,0,0,0,0,2.6199126823963997e-05,0.17353067765523744,0.5682983194421877,0.703776007240253,0.7184861359348508,0.7055308680195355,0.6746352873235004,0.6607011975965386,0.636339935513293,0.5965956998820316,0.5192920915812512,0.2890799635808102,0.034856295786379214,0.0,0,0,0,0,0
Summer Peak,0,0,0,0,0,0.00015248372529470412,0.3509344515473188,0.6877231051942212,0.8197916055754306,0.8563564209332785,0.8612163509471583,0.8441469708521495,0.8235968564893555,0.8090796238734774,0.7721844271108245,0.7182227826324947,0.5844554571579379,0.2961488084765312,0.009286845346314,0,0,0,0,0
Winter Peak,0,0,0,0,0,0.0,6.939964420464097e-05,0.2905548061697261,0.7573153089750355,0.8460373780618925,0.8224297695149845,0.7799483901237463,0.771523664301214,0.7964440013293453,0.8067161261314095,0.7604334056653568,0.3739477645494888,0.0018630383359724745,0.0,0,0,0,0,0
