Unit: dimensionless (ratio of electricity demand in this hour to annual demand),Hour0,Hour1,Hour2,Hour3,Hour4,Hour5,Hour6,Hour7,Hour8,Hour9,Hour10,Hour11,Hour12,Hour13,Hour14,Hour15,Hour16,Hour17,Hour18,Hour19,Hour20,Hour21,Hour22,Hour23
Winter,0,0,0,0,0,0.0,0.003759473214343897,0.2673479968590959,0.5587582432441235,0.6272012394189977,0.6284772317035816,0.6142099029708259,0.6020735587355577,0.6046235069301898,0.588831911129357,0.5139241181683711,0.21900650173662017,0.005065155839670531,0.0,0,0,0,0,0
Spring,0,0,0,0,0,0.016358373727921094,0.27858480186040346,0.6415655527025063,0.774562607998681,0.8078520725122158,0.8098691457596522,0.8020932407381435,0.7872478578756483,0.7769919674055416,0.74784316062894,0.694791106220979,0.5632446224837849,0.2187025878885084,0.0011190320768300383,0,0,0,0,0
Summer,0,0,0,0,0,0.02627018773177483,0.3339161437256855,0.6006638014345711,0.701308159919219,0.7409837835173081,0.7418088339414832,0.7298577944767575,0.7122960296433802,0.6790166584645047,0.6186909221185548,0.5403510801780506,0.43308772531510314,0.23366956887224088,0.0147726577301344,0,0,0,0,0
Fall,0,0,0,0,0,2.6199126823963997e-05,0.17353067765523744,0.5682983194421877,0.703776007240253,0.7184861359348508,0.7055308680195355,0.6746352873235004,0.6607011975965386,0.636339935513293,0.5965956998820316,0.5192920915812512,0.2890799635808102,0.034856295786379214,0.0,0,0,0,0,0
Summer Peak,0,0,0,0,0,5.376028776415851e-05,0.2531474204836471,0.5844965104685942,0.7675307411100033,0.8111889820733877,0.8285193439289973,0.8036723163841807,0.7931157507868551,0.7861366879752898,0.7323079780267041,0.6609192031747894,0.51799503450433,0.2308857740503978,0.001788751392880183,0,0,0,0,0
Winter Peak,0,0,0,0,0,0.0,4.398568998885696e-05,0.25818622563681504,0.6820274470705531,0.806971243133345,0.7633276640666237,0.7196547612065763,0.7068500381209313,0.700599182843626,0.7000175942759955,0.6916358766836744,0.2610599573827537,0.0,0.0,0,0,0,0,0
